Type;Name;Address;Place;Current Price (LKR);2022 Price (LKR);2021 Price (LKR);2020 Price (LKR);Rooms;Bed;Deposit Amount (LKR);Status;Bedroom;Bathroom;Balcony;Carpet Area (sqft);Age;Total Floors;Room Floor;Furnished;Loan;Description;Saler Name;Email;Phone Number
Land;Property 1;43 Example Road;Colombo 3;69993321;99444722;69252390;4030503;2;5;8130300;Sold;8;3;Yes;4262;49;14;8;Available;Available;Description of property 1;Seller 1;seller1@example.com;744794023
Land;Property 2;50 Example Road;Colombo 3;111314265;81204893;49083023;39997830;6;6;4029412;Sold;5;4;Yes;4981;9;8;11;Available;Available;Description of property 2;Seller 2;seller2@example.com;748373808
Apartment;Property 3;13 Example Road;Kandy;139223012;148862668;106877747;69042918;9;8;679693;Available;3;8;No;2285;46;6;17;Semi;Not Available;Description of property 3;Seller 3;seller3@example.com;798384435
House;Property 4;24 Example Road;Kandy;187318480;151255060;150013425;30570354;10;7;8138009;Available;9;6;Yes;3717;25;2;10;Available;Available;Description of property 4;Seller 4;seller4@example.com;752935647
House;Property 5;10 Example Road;Kandy;184084762;115986880;14564604;83027210;6;6;1879876;Available;3;7;Yes;4551;30;10;14;Semi;Available;Description of property 5;Seller 5;seller5@example.com;716203409
Residence;Property 6;56 Example Road;Kandy;77947479;156904521;197154378;99320357;9;2;7105733;Available;6;1;Yes;4238;48;14;4;Semi;Available;Description of property 6;Seller 6;seller6@example.com;779443523
Shop;Property 7;62 Example Road;Colombo 7;81967541;15790112;101968654;43449972;3;7;2615885;Available;8;7;Yes;3594;18;3;16;Available;Available;Description of property 7;Seller 7;seller7@example.com;774388021
House;Property 8;27 Example Road;Colombo 7;133180427;174196404;102872552;75067550;4;6;8397625;Available;4;4;Yes;4147;29;6;10;Semi;Not Available;Description of property 8;Seller 8;seller8@example.com;711248731
Land;Property 9;31 Example Road;Colombo 7;83459005;75206632;181262278;172596785;4;5;8631333;Sold;3;9;No;3263;20;18;2;Available;Not Available;Description of property 9;Seller 9;seller9@example.com;738088491
Residence;Property 10;68 Example Road;Colombo 3;20443226;16110663;78468384;44721882;2;3;5865938;Sold;4;9;Yes;1623;41;16;10;Fully;Available;Description of property 10;Seller 10;seller10@example.com;757555639
Apartment;Property 11;17 Example Road;Galle;140205518;56207273;151568077;22335746;5;3;6738313;Sold;6;5;No;2537;50;2;3;Semi;Available;Description of property 11;Seller 11;seller11@example.com;786508956
Apartment;Property 12;62 Example Road;Kandy;149433567;170265115;143024163;160324047;4;5;8729733;Available;1;6;No;3477;48;11;7;Semi;Not Available;Description of property 12;Seller 12;seller12@example.com;700764708
Residence;Property 13;96 Example Road;Nuwara Eliya;17080370;85519264;55084313;70140906;3;5;6634736;Available;1;6;No;3443;39;17;3;Fully;Not Available;Description of property 13;Seller 13;seller13@example.com;758315244
Shop;Property 14;81 Example Road;Kandy;69080804;152757678;98537916;128929593;1;10;7032837;Sold;1;9;Yes;3749;38;16;12;Semi;Available;Description of property 14;Seller 14;seller14@example.com;790300257
Shop;Property 15;1 Example Road;Colombo 7;171276041;190019240;40587487;65143421;10;3;4242363;Available;5;2;Yes;3860;16;3;1;Available;Not Available;Description of property 15;Seller 15;seller15@example.com;738546908
Land;Property 16;75 Example Road;Colombo 7;84284164;66254696;131738280;26749310;3;10;9926520;Available;1;5;Yes;3249;30;20;12;Fully;Not Available;Description of property 16;Seller 16;seller16@example.com;769794656
Land;Property 17;87 Example Road;Colombo 7;141222005;6985988;88965424;151080973;6;10;8084163;Available;7;7;Yes;2544;43;6;2;Semi;Available;Description of property 17;Seller 17;seller17@example.com;799405940
Residence;Property 18;48 Example Road;Kandy;68243681;170724793;150001311;114412621;1;2;5710540;Sold;3;5;Yes;3456;31;1;4;Available;Available;Description of property 18;Seller 18;seller18@example.com;702661423
Apartment;Property 19;75 Example Road;Galle;183204703;141654595;169925394;183762165;6;7;2484142;Sold;1;3;Yes;2858;16;14;11;Semi;Available;Description of property 19;Seller 19;seller19@example.com;729813853
Apartment;Property 20;41 Example Road;Kandy;168162691;29611231;33158604;155451924;2;5;826091;Sold;10;6;Yes;2751;41;7;4;Fully;Available;Description of property 20;Seller 20;seller20@example.com;729026577
Apartment;Property 21;67 Example Road;Colombo 3;159843667;143714358;173605459;175592056;5;2;938043;Available;3;3;Yes;2232;3;19;11;Semi;Not Available;Description of property 21;Seller 21;seller21@example.com;718923336
Shop;Property 22;73 Example Road;Nuwara Eliya;8143608;196036086;141301505;18266303;2;9;6802287;Available;1;7;Yes;2682;17;7;15;Fully;Not Available;Description of property 22;Seller 22;seller22@example.com;792370944
House;Property 23;64 Example Road;Colombo 3;132176745;152999011;193059383;18727373;5;7;3341005;Available;5;10;No;2683;40;1;7;Fully;Not Available;Description of property 23;Seller 23;seller23@example.com;741375482
House;Property 24;22 Example Road;Kandy;160372079;189340200;12950831;138260461;9;9;9481295;Sold;1;10;No;1867;40;18;2;Available;Not Available;Description of property 24;Seller 24;seller24@example.com;721324155
Apartment;Property 25;72 Example Road;Kandy;97178266;188441700;149168609;176510389;2;8;1304879;Sold;7;8;Yes;1198;19;18;11;Available;Available;Description of property 25;Seller 25;seller25@example.com;709354095
Apartment;Property 26;71 Example Road;Nuwara Eliya;108966718;169680966;65733616;30073990;6;6;1786219;Available;5;6;No;3870;49;2;5;Fully;Not Available;Description of property 26;Seller 26;seller26@example.com;770765292
House;Property 27;32 Example Road;Colombo 7;120416127;163335280;3611329;12709270;5;2;2742174;Sold;5;4;Yes;2267;4;7;19;Fully;Not Available;Description of property 27;Seller 27;seller27@example.com;724486863
House;Property 28;79 Example Road;Galle;82957827;180372679;85221172;38388233;2;8;7444191;Available;3;9;No;4099;12;5;11;Semi;Available;Description of property 28;Seller 28;seller28@example.com;737853476
House;Property 29;31 Example Road;Colombo 7;18571018;162308208;132272624;157644575;1;6;3118116;Sold;7;7;Yes;680;37;1;10;Fully;Available;Description of property 29;Seller 29;seller29@example.com;739863805
Residence;Property 30;79 Example Road;Colombo 7;33911848;187541395;147044900;23541113;1;2;5808112;Available;7;10;No;4425;22;8;8;Fully;Not Available;Description of property 30;Seller 30;seller30@example.com;705909193
House;Property 31;3 Example Road;Colombo 7;26730451;45467618;38134235;104368914;5;5;6317211;Available;6;8;No;1639;13;9;13;Semi;Not Available;Description of property 31;Seller 31;seller31@example.com;741428536
Shop;Property 32;12 Example Road;Colombo 3;61543712;5265777;173621361;72578464;5;9;7832013;Sold;9;7;Yes;4522;39;10;12;Fully;Not Available;Description of property 32;Seller 32;seller32@example.com;740528378
Residence;Property 33;70 Example Road;Galle;168789970;82121463;45307174;182658224;7;4;7920907;Sold;9;3;No;4953;11;2;10;Fully;Not Available;Description of property 33;Seller 33;seller33@example.com;789662559
Shop;Property 34;57 Example Road;Galle;47573073;100780996;48534117;108396256;2;7;678654;Available;10;9;Yes;4594;29;16;3;Available;Available;Description of property 34;Seller 34;seller34@example.com;716620407
Residence;Property 35;20 Example Road;Kandy;178103805;139808578;192442250;184693494;1;5;5188402;Available;2;7;No;4509;4;4;16;Fully;Available;Description of property 35;Seller 35;seller35@example.com;784662651
Residence;Property 36;20 Example Road;Colombo 7;178309373;119704071;88114824;81585495;5;8;2007801;Available;4;1;No;3520;24;20;1;Available;Not Available;Description of property 36;Seller 36;seller36@example.com;758526885
Residence;Property 37;32 Example Road;Colombo 7;170936102;105977254;107546433;13388780;5;2;6480131;Sold;3;10;No;716;25;20;15;Available;Available;Description of property 37;Seller 37;seller37@example.com;700499983
Apartment;Property 38;95 Example Road;Kandy;95228162;108268541;118356630;79453816;1;8;7247240;Sold;8;6;Yes;874;29;8;3;Semi;Available;Description of property 38;Seller 38;seller38@example.com;784602967
Apartment;Property 39;70 Example Road;Nuwara Eliya;32560980;74761366;88949193;93081859;2;4;6878226;Sold;1;8;Yes;633;34;13;7;Semi;Available;Description of property 39;Seller 39;seller39@example.com;774074908
House;Property 40;3 Example Road;Kandy;90645917;138602803;182607529;33625787;1;8;2977909;Available;10;10;Yes;1606;34;12;7;Semi;Available;Description of property 40;Seller 40;seller40@example.com;739492967
House;Property 41;7 Example Road;Nuwara Eliya;80489165;188775358;162141495;157396578;10;10;5974240;Sold;8;6;No;4204;27;14;19;Semi;Not Available;Description of property 41;Seller 41;seller41@example.com;744645568
Shop;Property 42;48 Example Road;Nuwara Eliya;21070979;94651148;133679360;81772717;3;3;2690732;Available;2;7;Yes;4519;41;10;14;Semi;Available;Description of property 42;Seller 42;seller42@example.com;756462825
Shop;Property 43;3 Example Road;Nuwara Eliya;172586816;144657749;180758795;52965175;7;6;2976409;Available;10;8;Yes;1654;7;9;3;Fully;Available;Description of property 43;Seller 43;seller43@example.com;785393769
Shop;Property 44;40 Example Road;Galle;146700533;59535840;18135437;19330687;9;6;9181844;Available;4;6;Yes;2613;44;1;6;Semi;Not Available;Description of property 44;Seller 44;seller44@example.com;765412875
Residence;Property 45;33 Example Road;Kandy;104654830;135371294;168302215;180055725;4;7;8682232;Available;5;10;No;680;42;20;18;Fully;Not Available;Description of property 45;Seller 45;seller45@example.com;706921148
House;Property 46;74 Example Road;Kandy;46099253;102501511;84421392;93831037;4;8;1335587;Sold;6;8;Yes;1499;50;6;12;Available;Not Available;Description of property 46;Seller 46;seller46@example.com;724107902
Shop;Property 47;5 Example Road;Colombo 3;59006975;67194224;72604340;161886843;4;8;5886314;Available;7;4;Yes;2966;9;18;13;Fully;Not Available;Description of property 47;Seller 47;seller47@example.com;780019660
House;Property 48;76 Example Road;Galle;79737892;186588237;59952197;148771643;8;10;907945;Sold;3;2;No;3396;12;15;14;Semi;Not Available;Description of property 48;Seller 48;seller48@example.com;737515841
House;Property 49;45 Example Road;Colombo 3;14276919;16086139;20312284;87916678;2;9;5077085;Sold;5;5;No;2525;37;13;4;Semi;Available;Description of property 49;Seller 49;seller49@example.com;700883426
Land;Property 50;21 Example Road;Kandy;38295268;146674992;160281503;156950952;10;1;5013222;Available;3;2;Yes;1632;7;4;11;Semi;Available;Description of property 50;Seller 50;seller50@example.com;776035978
House;Property 51;100 Example Road;Colombo 7;88206102;195823485;26245407;81186635;5;1;4420375;Available;5;5;Yes;3426;46;6;5;Available;Available;Description of property 51;Seller 51;seller51@example.com;754740349
House;Property 52;88 Example Road;Kandy;190797310;53083532;192358484;79371850;10;9;921522;Sold;10;9;Yes;2983;20;7;17;Fully;Available;Description of property 52;Seller 52;seller52@example.com;754999344
Land;Property 53;87 Example Road;Colombo 3;179095076;125652696;151867491;104655592;4;9;2474666;Available;6;3;Yes;2528;32;6;6;Available;Not Available;Description of property 53;Seller 53;seller53@example.com;743090234
Apartment;Property 54;22 Example Road;Galle;171532570;89543863;26631366;15296504;10;10;4318549;Available;8;8;No;3195;19;14;17;Available;Available;Description of property 54;Seller 54;seller54@example.com;730982713
Shop;Property 55;55 Example Road;Kandy;61574997;115696597;178399271;79504026;6;5;7341916;Available;4;8;No;1498;12;18;3;Fully;Not Available;Description of property 55;Seller 55;seller55@example.com;788752510
Apartment;Property 56;44 Example Road;Kandy;9629109;11828538;65973095;119481480;10;1;8625057;Sold;4;10;No;2061;15;18;4;Fully;Available;Description of property 56;Seller 56;seller56@example.com;713826137
Apartment;Property 57;73 Example Road;Nuwara Eliya;154919068;179600436;30896359;161537843;1;10;4253946;Available;4;10;No;3298;8;5;16;Semi;Available;Description of property 57;Seller 57;seller57@example.com;724772317
House;Property 58;52 Example Road;Colombo 7;108097114;193922752;15701084;64493701;9;8;7755788;Available;5;5;No;3778;13;5;4;Semi;Available;Description of property 58;Seller 58;seller58@example.com;782022925
House;Property 59;99 Example Road;Colombo 3;93638844;162362014;168929243;38247031;9;7;3917115;Sold;7;7;No;1227;42;4;18;Available;Not Available;Description of property 59;Seller 59;seller59@example.com;791414751
Residence;Property 60;5 Example Road;Nuwara Eliya;193564468;83536733;92006011;43702566;5;6;8640565;Available;1;5;No;4706;13;10;8;Fully;Available;Description of property 60;Seller 60;seller60@example.com;786434796
Apartment;Property 61;92 Example Road;Kandy;158196504;88708072;102552747;27968815;9;4;834812;Available;10;6;Yes;4963;29;11;14;Fully;Not Available;Description of property 61;Seller 61;seller61@example.com;778170267
Land;Property 62;53 Example Road;Kandy;44052605;84709910;37971745;104054046;4;2;5009208;Available;3;8;Yes;4251;23;2;10;Available;Not Available;Description of property 62;Seller 62;seller62@example.com;772890926
Apartment;Property 63;84 Example Road;Colombo 3;160555066;74677533;50240530;183814702;7;7;7106615;Sold;8;10;Yes;680;16;7;2;Available;Not Available;Description of property 63;Seller 63;seller63@example.com;737209897
House;Property 64;7 Example Road;Nuwara Eliya;184743464;117839074;172702481;78801308;3;3;1268604;Sold;3;7;No;2412;5;17;13;Available;Available;Description of property 64;Seller 64;seller64@example.com;779609793
Apartment;Property 65;98 Example Road;Galle;104482442;78207286;61115237;111958610;2;2;8298269;Available;6;6;Yes;4134;50;20;19;Semi;Not Available;Description of property 65;Seller 65;seller65@example.com;771980565
Apartment;Property 66;36 Example Road;Colombo 3;68604151;82905740;141048565;195494079;8;2;2964679;Sold;1;8;No;676;37;10;13;Available;Not Available;Description of property 66;Seller 66;seller66@example.com;793179426
Residence;Property 67;2 Example Road;Colombo 7;135539073;190865215;32800994;159037652;6;7;2285406;Sold;7;10;Yes;4381;50;3;12;Fully;Available;Description of property 67;Seller 67;seller67@example.com;739086705
Apartment;Property 68;89 Example Road;Kandy;67980327;29693500;22162604;42095331;2;5;1131640;Sold;10;2;Yes;1634;7;12;20;Semi;Available;Description of property 68;Seller 68;seller68@example.com;778324141
Residence;Property 69;22 Example Road;Colombo 7;39052803;178761547;72238315;37413696;10;9;1379693;Available;4;2;No;1728;49;17;6;Available;Not Available;Description of property 69;Seller 69;seller69@example.com;731058529
House;Property 70;15 Example Road;Nuwara Eliya;98102806;106063045;83124778;157649027;1;7;5368820;Available;10;8;No;1406;31;16;18;Semi;Available;Description of property 70;Seller 70;seller70@example.com;778209519
Residence;Property 71;82 Example Road;Galle;120370637;129261952;18850422;148657337;9;6;4680767;Sold;7;2;Yes;707;16;17;15;Semi;Not Available;Description of property 71;Seller 71;seller71@example.com;771748458
Apartment;Property 72;4 Example Road;Colombo 7;181062714;155444039;9833746;17296619;8;10;9067577;Available;9;3;Yes;1750;1;14;6;Semi;Not Available;Description of property 72;Seller 72;seller72@example.com;704960543
Land;Property 73;22 Example Road;Galle;68080302;81878648;190004211;87575364;3;7;5788093;Sold;3;2;Yes;4354;39;14;16;Available;Available;Description of property 73;Seller 73;seller73@example.com;747356222
House;Property 74;32 Example Road;Colombo 3;61924916;99442473;93232025;128774684;10;3;1290376;Sold;8;6;No;2326;1;8;17;Available;Available;Description of property 74;Seller 74;seller74@example.com;774484781
Shop;Property 75;88 Example Road;Nuwara Eliya;49824145;105767773;153629902;192917282;2;7;2726262;Available;8;8;No;3814;12;20;10;Fully;Not Available;Description of property 75;Seller 75;seller75@example.com;773724040
Land;Property 76;72 Example Road;Galle;77796480;177503097;134742595;117253410;9;5;2825242;Available;3;2;No;1256;5;2;16;Semi;Not Available;Description of property 76;Seller 76;seller76@example.com;745227958
House;Property 77;75 Example Road;Galle;20232228;47818503;186448345;113242996;7;3;1086685;Sold;2;6;No;1663;10;13;15;Fully;Not Available;Description of property 77;Seller 77;seller77@example.com;760830017
Apartment;Property 78;9 Example Road;Colombo 7;126439696;175802860;189735349;71127619;6;6;9519338;Sold;3;6;No;699;4;8;2;Semi;Not Available;Description of property 78;Seller 78;seller78@example.com;713531020
Land;Property 79;2 Example Road;Colombo 3;186305423;33096493;127685166;38510917;6;5;2270919;Available;1;8;No;2238;44;17;10;Fully;Available;Description of property 79;Seller 79;seller79@example.com;718163910
Shop;Property 80;50 Example Road;Nuwara Eliya;41374826;187360703;46172946;62417113;2;9;4452792;Available;6;6;No;1304;6;18;5;Fully;Available;Description of property 80;Seller 80;seller80@example.com;718047844
Shop;Property 81;14 Example Road;Galle;166292537;99202477;172378959;50348028;2;7;8731882;Sold;4;3;No;2138;11;9;14;Fully;Available;Description of property 81;Seller 81;seller81@example.com;752037951
Apartment;Property 82;86 Example Road;Galle;137118193;67875801;114088978;167142313;2;5;9876357;Available;8;6;Yes;4494;26;18;2;Semi;Not Available;Description of property 82;Seller 82;seller82@example.com;783491749
Apartment;Property 83;23 Example Road;Colombo 3;135911771;119458070;117434312;26162616;5;7;8146002;Sold;8;2;No;3335;34;4;4;Fully;Available;Description of property 83;Seller 83;seller83@example.com;712773762
House;Property 84;52 Example Road;Colombo 7;185991029;95961099;36064931;94189366;8;3;1191747;Available;6;3;Yes;3781;24;8;13;Available;Not Available;Description of property 84;Seller 84;seller84@example.com;709082832
Land;Property 85;99 Example Road;Colombo 7;163780632;47326890;149264585;175485913;1;4;8727686;Sold;7;5;Yes;4283;39;14;1;Fully;Available;Description of property 85;Seller 85;seller85@example.com;795120972
Apartment;Property 86;72 Example Road;Galle;135385323;148257547;61707642;85591458;1;6;9812873;Sold;1;1;Yes;2845;2;20;7;Available;Available;Description of property 86;Seller 86;seller86@example.com;757529374
Residence;Property 87;42 Example Road;Kandy;187817907;43458180;167193627;120083406;10;10;2639177;Available;2;7;No;2919;32;5;17;Available;Not Available;Description of property 87;Seller 87;seller87@example.com;722138102
Apartment;Property 88;51 Example Road;Nuwara Eliya;109238845;177384902;116830142;77578495;7;6;8901663;Sold;2;9;No;4717;19;10;3;Semi;Not Available;Description of property 88;Seller 88;seller88@example.com;725450638
Shop;Property 89;73 Example Road;Colombo 3;53267381;22033147;141578250;194259990;7;9;9366815;Sold;6;5;Yes;896;30;18;13;Semi;Available;Description of property 89;Seller 89;seller89@example.com;726125858
Apartment;Property 90;15 Example Road;Colombo 3;27558885;80608598;30816448;132835513;6;3;2813461;Available;9;3;No;747;31;13;9;Fully;Available;Description of property 90;Seller 90;seller90@example.com;759621777
Land;Property 91;91 Example Road;Colombo 7;67127479;58007793;189675900;169019121;9;10;4932620;Available;4;4;No;1778;3;8;15;Available;Not Available;Description of property 91;Seller 91;seller91@example.com;710514466
Apartment;Property 92;12 Example Road;Colombo 7;150341098;28863494;158891559;25812453;10;7;6489112;Sold;9;7;No;943;14;10;2;Semi;Not Available;Description of property 92;Seller 92;seller92@example.com;712604979
Land;Property 93;59 Example Road;Colombo 7;198054720;160495970;93702862;183643467;7;7;5054689;Sold;10;7;Yes;3309;43;16;16;Fully;Available;Description of property 93;Seller 93;seller93@example.com;711997254
Apartment;Property 94;20 Example Road;Kandy;20033204;143637594;151357320;112019823;6;8;8344762;Available;5;3;No;642;36;11;13;Available;Available;Description of property 94;Seller 94;seller94@example.com;703241673
House;Property 95;37 Example Road;Kandy;96802582;173646840;141914904;37814682;8;6;2031049;Available;9;4;Yes;4927;14;17;12;Fully;Available;Description of property 95;Seller 95;seller95@example.com;795933197
House;Property 96;75 Example Road;Nuwara Eliya;59911235;151697851;66843425;30485909;6;5;1903309;Available;10;5;No;3606;4;7;13;Semi;Not Available;Description of property 96;Seller 96;seller96@example.com;786043766
Residence;Property 97;14 Example Road;Colombo 7;60487926;16296777;137850849;40576717;9;2;1351262;Sold;3;6;Yes;4329;25;6;12;Fully;Not Available;Description of property 97;Seller 97;seller97@example.com;793207917
Residence;Property 98;9 Example Road;Colombo 3;198541810;39835995;181952255;68380767;1;8;1874034;Available;6;6;Yes;1428;3;20;17;Available;Available;Description of property 98;Seller 98;seller98@example.com;736492028
Apartment;Property 99;13 Example Road;Galle;97982680;164915192;19778191;159413633;1;10;6723831;Sold;3;4;No;511;35;15;5;Fully;Not Available;Description of property 99;Seller 99;seller99@example.com;763406727
Land;Property 100;77 Example Road;Colombo 3;192412709;120314790;145585448;61305908;7;7;3944913;Sold;9;1;No;892;49;2;6;Available;Available;Description of property 100;Seller 100;seller100@example.com;710146530
Residence;Property 101;76 Example Road;Colombo 7;27246075;191990884;19482368;179093349;5;10;3335423;Available;2;6;No;2390;26;20;10;Fully;Not Available;Description of property 101;Seller 101;seller101@example.com;769400675
Apartment;Property 102;58 Example Road;Colombo 3;48801641;159174849;163032322;149447572;5;1;1760813;Sold;4;7;Yes;4390;3;7;4;Semi;Available;Description of property 102;Seller 102;seller102@example.com;723820614
Residence;Property 103;28 Example Road;Colombo 7;93518946;145713303;44781796;10946395;5;3;3965761;Available;6;10;Yes;795;9;17;2;Fully;Not Available;Description of property 103;Seller 103;seller103@example.com;701000163
Land;Property 104;77 Example Road;Colombo 7;129247480;124402392;81103233;136591755;3;7;4983432;Available;2;6;Yes;1971;8;8;20;Fully;Available;Description of property 104;Seller 104;seller104@example.com;711898871
House;Property 105;90 Example Road;Colombo 7;141456712;161748368;99872311;136895725;4;1;1500881;Available;7;10;No;691;14;1;11;Available;Available;Description of property 105;Seller 105;seller105@example.com;739408458
Land;Property 106;96 Example Road;Nuwara Eliya;50685960;117423564;54623433;43196783;5;9;3915825;Available;3;7;No;1495;50;14;8;Semi;Not Available;Description of property 106;Seller 106;seller106@example.com;702918543
Shop;Property 107;19 Example Road;Colombo 7;163442536;67112243;179888989;63581800;9;7;7401490;Available;2;4;No;794;27;8;18;Available;Available;Description of property 107;Seller 107;seller107@example.com;760808472
Shop;Property 108;4 Example Road;Nuwara Eliya;35123605;139115891;185202646;14441828;3;5;9323798;Available;8;2;No;1954;24;10;12;Semi;Available;Description of property 108;Seller 108;seller108@example.com;704675356
Shop;Property 109;52 Example Road;Galle;50375111;132603322;98373718;150585165;10;10;2372940;Sold;2;8;No;967;22;5;2;Fully;Not Available;Description of property 109;Seller 109;seller109@example.com;741970437
House;Property 110;15 Example Road;Nuwara Eliya;10063803;56991997;143278461;177960299;10;2;4048473;Available;5;6;No;1362;23;7;19;Available;Not Available;Description of property 110;Seller 110;seller110@example.com;745322810
Land;Property 111;16 Example Road;Nuwara Eliya;160558671;26167999;142570886;41433299;4;9;8273713;Sold;6;2;Yes;2206;45;13;9;Semi;Not Available;Description of property 111;Seller 111;seller111@example.com;790381824
Apartment;Property 112;25 Example Road;Colombo 7;51007129;145676928;120943709;149605089;2;6;6667819;Available;5;7;Yes;4228;49;10;1;Available;Not Available;Description of property 112;Seller 112;seller112@example.com;751953098
Shop;Property 113;45 Example Road;Kandy;117408078;35437990;49511707;41725652;6;2;3062661;Available;1;6;Yes;1868;15;6;18;Available;Not Available;Description of property 113;Seller 113;seller113@example.com;709205670
Residence;Property 114;6 Example Road;Kandy;130615599;193603844;82815324;82064636;3;3;3658253;Sold;10;4;Yes;4165;26;11;15;Available;Available;Description of property 114;Seller 114;seller114@example.com;724891478
Residence;Property 115;20 Example Road;Colombo 3;198893571;158966945;83251324;71397039;9;1;720429;Available;10;3;Yes;4437;43;6;15;Fully;Not Available;Description of property 115;Seller 115;seller115@example.com;733085381
Land;Property 116;34 Example Road;Colombo 3;192380729;185713017;65399333;151869811;10;5;6181211;Sold;10;8;No;4648;17;12;12;Available;Not Available;Description of property 116;Seller 116;seller116@example.com;742067571
Residence;Property 117;30 Example Road;Nuwara Eliya;70795662;37415903;56737343;192768364;1;5;7300072;Available;4;7;No;2909;3;14;14;Available;Not Available;Description of property 117;Seller 117;seller117@example.com;745603015
House;Property 118;64 Example Road;Colombo 7;49688154;161968609;74772498;191637532;1;2;165949;Sold;4;9;Yes;3170;1;8;13;Available;Available;Description of property 118;Seller 118;seller118@example.com;764623433
Residence;Property 119;58 Example Road;Kandy;98608503;92078458;100834120;143266963;3;9;7503946;Sold;9;2;No;2074;39;15;1;Fully;Available;Description of property 119;Seller 119;seller119@example.com;733340074
Residence;Property 120;96 Example Road;Colombo 3;37383473;44163955;183785184;73885008;3;7;6051110;Available;4;10;Yes;3504;15;7;12;Fully;Not Available;Description of property 120;Seller 120;seller120@example.com;714523636
House;Property 121;6 Example Road;Galle;105754986;89750203;129334642;30371907;5;9;2862981;Available;7;2;Yes;1527;12;2;4;Available;Not Available;Description of property 121;Seller 121;seller121@example.com;723592357
House;Property 122;24 Example Road;Colombo 3;143630617;113439476;6871319;171308630;4;8;1662842;Sold;5;7;Yes;962;33;15;18;Semi;Not Available;Description of property 122;Seller 122;seller122@example.com;722577245
Shop;Property 123;7 Example Road;Nuwara Eliya;59350939;154270126;129113718;157228644;5;2;5737829;Sold;8;5;Yes;3217;39;9;7;Semi;Not Available;Description of property 123;Seller 123;seller123@example.com;706758235
Land;Property 124;97 Example Road;Galle;99813145;77415702;131443604;190351077;8;4;2912248;Available;4;4;Yes;3506;22;12;1;Fully;Not Available;Description of property 124;Seller 124;seller124@example.com;758066137
Apartment;Property 125;91 Example Road;Colombo 3;112792447;87772602;158453192;60142297;3;9;6664188;Sold;2;9;No;1023;49;5;20;Semi;Not Available;Description of property 125;Seller 125;seller125@example.com;728098656
Residence;Property 126;57 Example Road;Colombo 3;174570681;51825945;19724095;38452819;5;7;4724803;Available;9;9;No;2881;45;10;9;Semi;Available;Description of property 126;Seller 126;seller126@example.com;710521287
Shop;Property 127;43 Example Road;Colombo 3;124205573;148710702;96494718;190359017;5;7;5866769;Available;5;9;No;1651;45;6;1;Fully;Available;Description of property 127;Seller 127;seller127@example.com;776426791
Apartment;Property 128;22 Example Road;Kandy;26658379;111460159;49219587;17491315;1;1;1924913;Available;10;10;Yes;2933;19;3;1;Fully;Available;Description of property 128;Seller 128;seller128@example.com;710237134
Residence;Property 129;12 Example Road;Galle;71027010;51224824;93214142;11090501;3;8;4201116;Available;3;7;No;3735;17;4;1;Available;Not Available;Description of property 129;Seller 129;seller129@example.com;740056676
Shop;Property 130;1 Example Road;Galle;180948877;165989743;15678905;100958314;9;8;1119320;Sold;3;1;Yes;3644;39;14;10;Fully;Not Available;Description of property 130;Seller 130;seller130@example.com;727657213
Residence;Property 131;21 Example Road;Galle;117150669;49221545;198072905;70862068;10;6;3861531;Available;1;2;Yes;4369;45;1;19;Available;Not Available;Description of property 131;Seller 131;seller131@example.com;791401538
Apartment;Property 132;34 Example Road;Kandy;152453555;131579050;4131800;195768001;8;7;2873392;Sold;5;5;Yes;3724;45;11;20;Available;Available;Description of property 132;Seller 132;seller132@example.com;720365533
Shop;Property 133;69 Example Road;Nuwara Eliya;124915856;120388813;92916015;38014649;6;7;2155685;Sold;3;9;Yes;4964;14;6;4;Fully;Not Available;Description of property 133;Seller 133;seller133@example.com;786593357
Shop;Property 134;35 Example Road;Colombo 7;88979387;198617810;120742100;19898847;3;1;2588411;Available;4;5;No;2144;48;16;1;Available;Available;Description of property 134;Seller 134;seller134@example.com;744232792
Shop;Property 135;50 Example Road;Colombo 7;81674615;128336404;62649075;73526196;5;6;9920711;Sold;1;3;Yes;2951;41;11;12;Available;Not Available;Description of property 135;Seller 135;seller135@example.com;715086525
House;Property 136;82 Example Road;Galle;95533338;191096076;14306900;44961813;5;4;9406430;Available;10;6;No;4833;16;5;3;Available;Available;Description of property 136;Seller 136;seller136@example.com;789364968
Apartment;Property 137;95 Example Road;Colombo 7;54390031;178756672;75731393;130219132;7;6;2266495;Available;2;2;No;4248;5;2;15;Available;Not Available;Description of property 137;Seller 137;seller137@example.com;795493570
Residence;Property 138;74 Example Road;Colombo 3;188638416;174158027;55865756;73446695;10;7;3254035;Available;10;3;Yes;4400;10;3;8;Semi;Not Available;Description of property 138;Seller 138;seller138@example.com;797207321
Land;Property 139;48 Example Road;Colombo 3;140234105;134122243;30324411;153047337;8;6;5004304;Available;4;7;No;2188;25;19;11;Available;Not Available;Description of property 139;Seller 139;seller139@example.com;754068093
Shop;Property 140;76 Example Road;Colombo 3;125817890;101752057;129881428;95796475;4;9;4304793;Available;6;2;No;4690;4;10;10;Fully;Available;Description of property 140;Seller 140;seller140@example.com;746366635
Land;Property 141;66 Example Road;Colombo 3;28552855;67431828;67013486;3806249;4;4;1718078;Available;6;4;No;4204;12;4;7;Fully;Not Available;Description of property 141;Seller 141;seller141@example.com;769688551
House;Property 142;98 Example Road;Galle;190332441;162351921;168862382;81649162;5;10;2596097;Available;5;3;Yes;2859;37;7;6;Fully;Not Available;Description of property 142;Seller 142;seller142@example.com;788892492
House;Property 143;60 Example Road;Nuwara Eliya;19496811;22860604;141947460;64957395;5;3;3131022;Available;2;9;No;4652;42;6;16;Semi;Available;Description of property 143;Seller 143;seller143@example.com;771635129
Land;Property 144;57 Example Road;Nuwara Eliya;92448670;126880968;186143203;154974923;9;10;2280818;Sold;7;4;Yes;1230;37;14;3;Semi;Not Available;Description of property 144;Seller 144;seller144@example.com;739005450
Shop;Property 145;45 Example Road;Galle;83829681;24134959;92595603;172353229;4;6;8616779;Available;4;3;No;1229;2;8;4;Semi;Not Available;Description of property 145;Seller 145;seller145@example.com;742291614
Shop;Property 146;87 Example Road;Colombo 3;62808845;140363859;11661842;101962245;9;1;2751081;Sold;10;4;No;1024;43;8;10;Fully;Available;Description of property 146;Seller 146;seller146@example.com;784884104
Residence;Property 147;79 Example Road;Colombo 7;54910562;29680116;5775048;21887417;2;3;7506760;Sold;8;5;Yes;3179;47;13;3;Fully;Not Available;Description of property 147;Seller 147;seller147@example.com;705243956
Apartment;Property 148;30 Example Road;Galle;138510530;161903328;160346747;183579927;10;7;7162629;Sold;8;1;Yes;3459;25;7;20;Fully;Available;Description of property 148;Seller 148;seller148@example.com;733214858
Apartment;Property 149;49 Example Road;Galle;198048464;191984220;59304332;100288495;1;10;1091457;Sold;4;9;Yes;886;13;11;19;Available;Not Available;Description of property 149;Seller 149;seller149@example.com;791378262
House;Property 150;7 Example Road;Galle;139886932;23719804;198026021;119276579;4;7;9910315;Available;8;1;No;3688;7;20;10;Fully;Available;Description of property 150;Seller 150;seller150@example.com;783775915
Apartment;Property 151;97 Example Road;Colombo 7;19441421;117920349;81671602;184397750;3;8;4778715;Sold;1;3;No;4244;37;4;7;Fully;Not Available;Description of property 151;Seller 151;seller151@example.com;707718372
Shop;Property 152;54 Example Road;Colombo 3;62487879;51324849;142583582;107494991;6;1;2973576;Sold;6;7;No;1306;35;11;12;Semi;Available;Description of property 152;Seller 152;seller152@example.com;787265462
Apartment;Property 153;16 Example Road;Kandy;68017084;157727773;17130696;154188738;10;2;9633063;Available;5;4;Yes;2434;27;15;20;Available;Available;Description of property 153;Seller 153;seller153@example.com;763815964
House;Property 154;60 Example Road;Kandy;73608446;68413070;64163932;34230569;5;10;3650709;Available;2;7;No;3374;16;2;2;Available;Available;Description of property 154;Seller 154;seller154@example.com;703470614
Land;Property 155;34 Example Road;Galle;79397624;114939108;197913349;153889274;1;9;868134;Available;8;2;Yes;1565;6;1;19;Available;Not Available;Description of property 155;Seller 155;seller155@example.com;730099686
Shop;Property 156;24 Example Road;Nuwara Eliya;41106859;67328111;164306398;135406760;1;4;9682632;Available;6;10;No;4736;13;6;6;Fully;Not Available;Description of property 156;Seller 156;seller156@example.com;720432653
Land;Property 157;86 Example Road;Kandy;67185747;188798913;189588017;22885288;7;6;112352;Sold;7;9;No;4675;9;6;2;Available;Not Available;Description of property 157;Seller 157;seller157@example.com;784080365
House;Property 158;5 Example Road;Colombo 3;83320786;189876735;113150203;13338900;5;7;5325069;Sold;4;8;Yes;4787;6;4;3;Available;Not Available;Description of property 158;Seller 158;seller158@example.com;732834633
Shop;Property 159;22 Example Road;Galle;92873779;69937567;150410414;134789550;6;7;1454579;Sold;10;5;Yes;1550;6;12;19;Semi;Available;Description of property 159;Seller 159;seller159@example.com;783581228
House;Property 160;100 Example Road;Kandy;125103974;194136038;19349611;38889101;5;10;4898514;Sold;3;3;Yes;1196;29;17;13;Semi;Not Available;Description of property 160;Seller 160;seller160@example.com;767696901
Land;Property 161;58 Example Road;Colombo 7;100617564;119251890;11735437;19047621;10;1;621883;Available;9;8;No;1790;7;2;9;Available;Not Available;Description of property 161;Seller 161;seller161@example.com;732231063
Shop;Property 162;74 Example Road;Nuwara Eliya;85320529;164842290;136557805;140863293;2;8;2951578;Available;9;8;No;1692;6;14;12;Fully;Not Available;Description of property 162;Seller 162;seller162@example.com;709242321
Residence;Property 163;2 Example Road;Colombo 3;90510087;195398860;21012190;83848464;9;1;3744341;Sold;7;7;No;3412;20;18;6;Available;Not Available;Description of property 163;Seller 163;seller163@example.com;788207935
Residence;Property 164;36 Example Road;Galle;44676853;6996617;103989529;9925168;7;9;3438559;Sold;3;7;Yes;2345;34;6;1;Semi;Not Available;Description of property 164;Seller 164;seller164@example.com;762312808
Shop;Property 165;98 Example Road;Colombo 3;102350995;147615344;96001827;124489280;2;7;3800305;Sold;2;10;No;3222;36;2;20;Semi;Not Available;Description of property 165;Seller 165;seller165@example.com;763720511
Land;Property 166;76 Example Road;Nuwara Eliya;92425974;100881659;149665282;107070060;8;2;1327094;Sold;8;5;No;2568;35;14;4;Semi;Not Available;Description of property 166;Seller 166;seller166@example.com;779430817
Shop;Property 167;75 Example Road;Colombo 7;196655959;121786822;120071670;14293564;5;5;8796706;Available;6;4;Yes;2210;17;18;13;Available;Not Available;Description of property 167;Seller 167;seller167@example.com;710179687
Shop;Property 168;90 Example Road;Galle;187480000;27952008;128651589;12254336;5;1;5279472;Sold;9;6;No;1566;23;20;9;Fully;Available;Description of property 168;Seller 168;seller168@example.com;703106384
Apartment;Property 169;64 Example Road;Kandy;175029980;112773230;92267514;194080409;4;2;5221150;Sold;4;7;Yes;1292;27;2;18;Semi;Not Available;Description of property 169;Seller 169;seller169@example.com;703359088
Land;Property 170;42 Example Road;Galle;29568285;19780649;102603917;157900332;10;10;6172027;Available;9;3;Yes;3860;31;3;14;Available;Available;Description of property 170;Seller 170;seller170@example.com;747483033
Apartment;Property 171;32 Example Road;Colombo 3;33374918;157421534;172576452;54096223;8;7;1636464;Sold;9;6;Yes;1735;31;8;14;Available;Not Available;Description of property 171;Seller 171;seller171@example.com;749049101
Land;Property 172;56 Example Road;Colombo 7;112737882;167640228;160416218;68987931;8;2;1852282;Sold;8;3;No;505;39;20;12;Available;Not Available;Description of property 172;Seller 172;seller172@example.com;731588577
Shop;Property 173;58 Example Road;Galle;100231578;99751001;136243625;177531420;1;3;2197747;Sold;8;7;No;3259;45;18;7;Fully;Available;Description of property 173;Seller 173;seller173@example.com;786422025
Land;Property 174;38 Example Road;Colombo 7;188192296;149218076;84281140;137854700;6;6;104773;Available;4;6;No;657;40;10;8;Available;Not Available;Description of property 174;Seller 174;seller174@example.com;741671010
Apartment;Property 175;44 Example Road;Colombo 7;46033353;69502143;172488139;167078151;4;1;6102143;Sold;4;5;Yes;2159;7;10;3;Available;Not Available;Description of property 175;Seller 175;seller175@example.com;797344050
House;Property 176;52 Example Road;Galle;184715148;83111459;82316614;161962410;10;5;3485670;Available;9;2;No;1887;15;1;18;Semi;Available;Description of property 176;Seller 176;seller176@example.com;717464728
Apartment;Property 177;28 Example Road;Galle;174635697;53093250;18976486;161111475;9;10;7815218;Sold;3;5;Yes;2192;35;11;5;Semi;Not Available;Description of property 177;Seller 177;seller177@example.com;752026704
Apartment;Property 178;71 Example Road;Galle;28179926;112186961;61456637;46155199;9;5;3765304;Available;10;8;Yes;3537;26;16;9;Available;Available;Description of property 178;Seller 178;seller178@example.com;712112335
Land;Property 179;5 Example Road;Galle;69000057;60179131;160448579;90464905;2;9;7123342;Available;8;10;Yes;4325;14;6;7;Available;Available;Description of property 179;Seller 179;seller179@example.com;755291614
Residence;Property 180;79 Example Road;Kandy;176396944;189634644;66964270;131025496;1;7;8997185;Available;1;8;Yes;1721;25;6;4;Available;Not Available;Description of property 180;Seller 180;seller180@example.com;770608379
Shop;Property 181;27 Example Road;Nuwara Eliya;21889689;55735522;3962672;44217989;8;8;3094177;Available;6;4;No;4288;28;1;7;Fully;Not Available;Description of property 181;Seller 181;seller181@example.com;786175324
House;Property 182;39 Example Road;Kandy;99128651;153265787;187123021;190033952;8;3;9716068;Sold;4;6;Yes;2398;49;6;6;Semi;Not Available;Description of property 182;Seller 182;seller182@example.com;788197772
Land;Property 183;72 Example Road;Galle;193435006;185977277;65647249;108776930;3;3;6590783;Available;4;9;No;3511;36;19;1;Available;Available;Description of property 183;Seller 183;seller183@example.com;778525791
Residence;Property 184;81 Example Road;Colombo 7;50391412;166940993;81242647;26817012;10;9;1520897;Sold;4;8;No;4804;5;8;6;Semi;Available;Description of property 184;Seller 184;seller184@example.com;718531375
Shop;Property 185;38 Example Road;Colombo 3;121225875;77368168;188419300;125818740;9;6;1098915;Available;2;8;Yes;1939;27;2;10;Semi;Not Available;Description of property 185;Seller 185;seller185@example.com;752519923
Apartment;Property 186;48 Example Road;Colombo 3;196212826;93884256;187334744;77247292;9;3;586032;Sold;1;4;Yes;4268;48;2;13;Available;Not Available;Description of property 186;Seller 186;seller186@example.com;726820329
House;Property 187;63 Example Road;Colombo 7;97043935;37678853;82963075;145301341;8;9;1673872;Sold;5;7;No;3411;40;3;6;Fully;Not Available;Description of property 187;Seller 187;seller187@example.com;779612507
Apartment;Property 188;92 Example Road;Nuwara Eliya;118461095;64867948;12168687;144475873;3;4;8421778;Available;6;5;No;1928;48;9;12;Semi;Available;Description of property 188;Seller 188;seller188@example.com;768187499
Residence;Property 189;27 Example Road;Nuwara Eliya;190106628;142283621;105339731;151314974;1;8;5585696;Sold;6;1;Yes;4116;16;18;1;Semi;Not Available;Description of property 189;Seller 189;seller189@example.com;756955720
Residence;Property 190;39 Example Road;Colombo 7;147217295;148545884;45535291;189047890;4;2;3015912;Sold;6;8;No;3767;33;18;15;Semi;Not Available;Description of property 190;Seller 190;seller190@example.com;715763432
Land;Property 191;57 Example Road;Nuwara Eliya;39036119;153308264;9865805;166877661;9;2;8078729;Available;7;5;Yes;3999;5;6;9;Available;Not Available;Description of property 191;Seller 191;seller191@example.com;776840803
Land;Property 192;16 Example Road;Galle;68036641;196334388;51100695;116980966;3;3;2047436;Sold;9;3;Yes;3510;4;20;5;Available;Available;Description of property 192;Seller 192;seller192@example.com;765575080
Shop;Property 193;53 Example Road;Kandy;162006594;113447222;88330807;20031366;2;3;6195715;Sold;2;9;No;2946;30;14;10;Semi;Available;Description of property 193;Seller 193;seller193@example.com;778050147
House;Property 194;80 Example Road;Nuwara Eliya;84749806;20671220;150834535;110473637;6;8;2237807;Available;8;8;Yes;4235;45;20;13;Fully;Not Available;Description of property 194;Seller 194;seller194@example.com;767600783
Land;Property 195;22 Example Road;Colombo 7;106560622;99187626;132803726;71013588;4;10;6898166;Sold;2;2;No;1202;7;5;17;Fully;Not Available;Description of property 195;Seller 195;seller195@example.com;763039286
Apartment;Property 196;9 Example Road;Galle;99622677;36715794;109146703;100682910;8;2;2749779;Available;9;6;Yes;4206;15;3;3;Available;Not Available;Description of property 196;Seller 196;seller196@example.com;745523379
Apartment;Property 197;87 Example Road;Colombo 3;17248160;189060404;182669028;185595387;4;7;4101374;Sold;4;2;No;2756;9;14;16;Available;Not Available;Description of property 197;Seller 197;seller197@example.com;738340299
House;Property 198;38 Example Road;Colombo 7;150953246;68708068;142766487;138180551;5;4;7221463;Available;1;5;Yes;2265;41;5;2;Available;Not Available;Description of property 198;Seller 198;seller198@example.com;704113919
Residence;Property 199;6 Example Road;Colombo 7;145628075;55792850;181568140;40073474;6;9;774780;Available;1;1;No;621;35;2;9;Available;Available;Description of property 199;Seller 199;seller199@example.com;781911235
Residence;Property 200;93 Example Road;Nuwara Eliya;43556287;176557076;47626204;143728814;5;1;5070557;Sold;10;4;Yes;1040;12;5;16;Available;Not Available;Description of property 200;Seller 200;seller200@example.com;718986195